Sexual attire,Panties,Bra,Nudity,Ass,Pussy,Penis,Seduction,Sexual Actions,Sex,Sexual Positions,Group,Fetishes,Sex Objects,Food,Transgender,Injury,Furry
,,,,,,,beckoning,,,69,,,,,Cuntboy,,
Lingerie,Main,Main,Complete,Anatomy of the ass,Anatomy of the pussy,Parts,bed invitation,Intimate Contact,Before sex,doggystyle,Types,Ageplay,Sex Toys,Sexual Food,full-package futanari,Visible signs of injury,furry and humanization
Lingerie,panties,bra,completely nude,ass,Clitoris,foreskin,come hither,kissing,presenting,bent over,couple,diaper,anal beads,cum on food,Futanari,blood,Person and furrification
Babydoll,,,nude,ass expansion,Erect clitoris,phimosis,flashing,hugging,,prone bone,harem,adult baby,anal tail,food on body,implied futanari,bleeding,Person and animalization
Bodystocking,Number of panties,Specific colors of bras,,bad ass,Cleft of venus,testicles,lap pillow invitation,groping,footjob,top-down bottom-up,male harem,loli,artificial vagina,bust cup,intravaginal futanari,blood on bandages,furrification
Bra,multiple panties,aqua bra,Nudity by gender ,flat ass,Labia,,naughty face,stroking,footjob,spitroast,mixed harem,shota,artificial ass,chocolate on body,Male futanari,bruise,furry female
Bustier,no panties,black bra,CFNF,huge ass,Fat mons,Appearance,oral invitation,cuddling,double footjob,reverse spitroast,orgy,toddlercon,tenga,chocolate on breasts,Newhalf,bruised eye,furry male
Camisole,,blue bra,CFNM,spread ass,Dark labia,animal penis,outstretched hand,spooning,implied footjob,spooning,,mature female,ben wa balls,naked chocolate,,cuts,furry with furry
Chemise,Specific colors of panties,brown bra,CMNF,butt crack,Long labia,dog penis,paizuri invitation,grinding,cooperative footjob,on side,Sexual orientation & Pairings,,butt plug,cream on body,,deep wound,furry with non-furry
Corset,aqua panties,green bra,CMNM,wedgie,Pubic hair,dolphin penis,presenting,cooperative grinding,shoejob,girl on top,Almost Yuri,Animal play,aneros,food as clothes,,head bump,digitigrade
Fishnets,black panties,grey bra,,,Pussy,horse penis,presenting another,ass biting,,amazon position,Bara,leash pull,jewel butt plug,chocolate clothes,,missing eye,fewer digits
garter straps,blue panties,orange bra,Partial nudity,Anatomy of the anus,No pussy,pig penis,reaching towards viewer,dry humping,feet,cowgirl position,bisexual female,pet play,cock ring,food between breasts,,nosebleed,furry focus
Garter belt,brown panties,pink bra,clothing aside,anal hair,Colored pussy,dark penis,seductive smile,rubbing,feet,reverse cowgirl position,bisexual male,human dog,dildo,food on breasts,,scar,kemonomimi mode
Lace,green panties,purple bra,clothes down,anus,Mons pubis,erection,shinkon santaku,frottage,licking foot,reverse upright straddle,bishounen,pony play,double dildo,nyotaimori,,scratches,
Nightgown,grey panties,red bra,open clothes,no anus,uterus,flaccid,take your pick,humping,foot worship,upright straddle,cuntboy with male,,huge dildo,nantaimori,,stitches,
Panties,orange panties,white bra,revealing clothes,spread anus,cervix,half-erect,flirting,bust measuring,smelling feet,boy on top,fudanshi,Body Types,dragon dildo,wakamezake,,scrape,
Boyshort panties,pink panties,yellow bra,see-through,tiny anus,spread pussy,girthy penis,bouncing breasts,waist measuring,,anvil position,fujoshi,giant,horse dildo,,,sprain,
panties,purple panties,,unbuttoned,,,glowing penis,,cling,dry humping,folded,futa on male,giantess,spiked dildo,,,stab,
Strapless bottom,red panties,Multiple colors of bras,undressing,Ass and hands,Pussy under clothes,knotted penis,,kiss,frottage,knees to chest,futa with female,miniboy,strap-on,,,impaled,
Teddy,white panties,multicolored bra,unfastened,anal fingering,Cameltoe,mole on penis,,smother,armpit sex,legs over head,futa with futa,minigirl,suction cup dildo,,,severed limb,
Thighhighs,yellow panties,,untied,anal fisting,Spread pussy under clothes,penis piercing,,thigh straddling,grinding,legs up,futa with male,muscular,dildo riding,,,amputee,
Thong,,Patterns and prints of bras,untying,ass grab,,penis tentacle,,,backjob,missionary,futa with newhalf,muscular female,food insertion,,,track marks,
G-string,Multiple colors of panties,checkered bra,unzipped,ass smack,Hands on pussy,small penis,,Sexual Acts,buttjob,mating press,Hetero,plump,dildo gag,,,paralysis,
Pearl thong,multicolored panties,lace bra,unzipping,covering anus,Clitoris tweak,large penis,,fingering,cooperative grinding,suspended congress,himedanshi,curvy,mask challenge (meme),,,,
Male Underwear,,lace-trimmed bra,,covering ass,Covering crotch,huge penis,,masturbation,kneepit sex,reverse suspended congress,himejoshi,fat,dildo harness,,,Coverings and bindings,
Boxers,Patterns and prints of panties,plaid bra,Misc / Specific exposures that could fit multiple categories below,groping,Hand between legs,gigantic penis,,intercourse,thigh sex,full nelson,husband and husband,skinny,dildo under panties,,,bandaid,
Briefs,bear panties,polka dot bra,bikini bottom aside,hand on own ass,Spread pussy,spiked penis,,dry humping,,piledriver,husband and wife,,prostate massager,,,bandaid on knee,
Boxer briefs,rabbit panties,print bra,bikini pull,,Fingering,veiny penis,,penis measuring,Boobjob,pretzel pose,husband and wives,Breasts,breast pump,,,bandaid on arm,
Bikini briefs,cat panties,strawberry bra,cape lift,Ass and heads,Masturbation,,,anal fingering,paizuri,,implied bisexual,breast expansion,clitoris pump,,,bandaid on leg,
Jockstrap,checkered panties,striped bra,lifting covers,ass biting,,Actions,,fisting,autopaizuri,Legs,implied futanari,breast smother,sex doll,,,bandaid on face,
Ball bra,lace panties,vertical-striped bra,open bikini ,smelling ass,Visible parts of the pussy,tucked penis,,anal fisting,cooperative paizuri,spread legs,implied yaoi,cooperative breast smother,sex machine,,,bandaid on cheek,
Penis sheath,lace-trimmed panties,,open bra,head on ass,Clitoris slip,bouncing penis,,mutual tail biting,handsfree paizuri,legs apart,implied yuri,lactation,sex toy,,,bandaid on ear,
,plaid panties,Models of bras,open kimono,,Pussy peek,twitching penis,,biting own tail,naizuri,M legs,male on futa,breastfeeding,too many sex toys,,,bandaid on forehead,
BDSM,polka dot panties,adhesive bra,robe slip,Ass with cum,pubic hair peek,fellatio,,breast biting,paizuri over clothes,V legs,Muscular uke,lactation through clothes,sounding,,,bandaid on nose,
Blindfold,print panties,belt bra,strap lift,cum in ass,partially visible vulva,licking penis,,finger biting,paizuri on lap,manspreading,newhalf with female,milking machine,catheter,,,bandages,
Bodysuit,strawberry panties,bow bra,strap pull,cum on ass,,cooperative fellatio,,foreskin biting,paizuri under clothes,wide spread legs,newhalf with male,breast pump,urethral beads,,,bandage on face,
Gimp suit,striped panties,bridgeless bra,strap slip,,Pussy and fluids,kissing penis,,biting another's hand,pecjob ,leg lock,newhalf with newhalf,,vibrator,,,bandage over one eye,
bondage outfit,vertical-striped panties,cupless bra,swimsuit aside,Misc,Cum in pussy,looking at penis,,biting own lip,perpendicular paizuri,scissorhold,Otoko no ko,Bondage and Discipline,rabbit vibrator,,,eyepatch,
Latex,,frilled bra,one-piece swimsuit pull,anal,Cum on pussy,penis on ass,,nail biting,stealth paizuri,reverse leg lock,wife and husbands,bdsm,butterfly vibrator,,,sarashi,
Monoglove,Materials of panties,shelf bra,open towel,anal hook,Pussy juice,penis on face,,penis biting,straddling paizuri,tail lock,wife and wife,asphyxiation,egg vibrator,,,sling (medical),
,latex panties,sports bra,towel slip,ass-to-ass,Pussy juice puddle,penis over eyes,,biting own thumb,,legs around waist,yaoi,strangling,hitachi magic wand,,,,
Exposure,leaf panties,strapless bra,male underwear pull,ass cutout,Pussy juice trail,penis over one eye,,tribadism,Glan,standing leg lock,yuri,bondage,remote control vibrator,,,Medical service / Misc,
Crotchless,,training bra,,ass on glass,,penis on head,,sexual acts,glansjob,,,breast bondage,riding machine,,,Doctor,
crotchless panties,Incomplete panties,front-tie bra,Exposed shoulders or arms,ass ache,Sexual objects and acts involving the pussy,penis on pussy,,breast sucking,cloth glansjob,Bondage-specific,,human dog,sybian,,,Nurse,
crotchless pants,backless panties,front-hook bra,armpits,ass focus,Clitoris pull,penis on shoulder,,finger sucking,,bound arms,,predicament bondage,public vibrator,,,Hospital,
crotchless swimsuit,c-string,,armpit cutout,ass shake,Clitoris torture,penis on stomach,,licking,Grab,bound feet,,public bondage,vibrator under clothes,,,first aid,
crotchless pantyhose,crotchless panties,Misc,bare arms,ass visible through thighs,Sex,penis to breast,,licking armpit,groping,bound legs,,self bondage,vibrator in leg garter,,,intravenous drip,
crotchless leotard,strapless bottom,adjusting bra,arm cutout,bouncing ass,Artificial vagina,penis grab,,licking breast,ass grab,bound calves,,shared bondage,vibrator in thighhighs,,,surgery,
crotchless bloomers,,bra lift,bare shoulders,x anus,Clitoris clamp,penis measuring,,licking another's cheek,grabbing another's breast,bound knees,,shibari,vibrator in thigh strap,,,syringe,
crotchless buruma,Sizes of panties,bra on ass,off shoulder,,Clitoris leash,penis milking,,licking cum,guided breast grab,bound thighs,,shibari over clothes,vibrator under panties,,,amputee,
Ass Cutout,loose panties,bra on head,shoulder cutout,,vaginal,penises touching,,licking ear,pectoral grab,bound torso,,shibari under clothes,vibrator under pantyhose,,,pill,
assless swimsuit,micro panties,bra pull,sleeves rolled up,,double vaginal,penis and testicles touching,,licking eye,guided pectoral grab,bound wrists,,spreader bar,vibrator on nipple,,,drugs,
backless panties,,unworn bra,sleeveless,,triple vaginal,poking with penis,,licking another's face,nipple tweak,box tie,,suspension,vibrator in anus,,,guro,
backless pants,Lowleg / highleg /high-waist panties,bra strap,low-cut armhole,,imminent vaginal,slapping with penis,,licking finger,crotch grab,frogtie,,femdom,vibrator on penis,,,organs,
Breasts,lowleg panties,holding bra,sleeves pushed up,,imminent double penetration,small penis humiliation,,licking foot,guided crotch grab,hogtie,,assertive female,,,,,
breastless clothes,highleg panties,no bra,sleeves rolled up,,cervical penetration,penis hot dog,,licking leg,grabbing own breast,separated arms,,clothed female nude male,BDSM / Bondage Gear,,,,
nippleless clothes,high-waist panties,open bra,,,deep penetration,,,licking navel,torso grab,separated legs,,sitting on face,blindfold,,,,
cupless bikini,,torn bra,Exposed head or neck,,,Clothes,,licking nipple,,separated wrists,,humiliation,bondage outfit,,,,
cupless bra,Additional details of panties,,hood down,,Pussy adornments,bulge,,licking panties,Hand,shrimp tie,,body writing,chain,,,,
revealing clothes,bow panties,,,,Clitoris piercing,bulges touching,,licking testicle,handjob,strappado,,neglect play,nipple chain,,,,
reverse outfit,crotch seam,,Exposed chest,,Clitoris ring,penis and bulge touching,,breast feeding,caressing testicles,suspension,,public use,chastity belt,,,,
reverse bikini armor,frilled panties,,center opening,,,penis in panties,,crotch rubbing,double handjob,cuffs-to-collar,,tally,chastity bra,,,,
reverse bunnysuit,side-tie panties,,open coat,,,penis in pantyhose,,sounding,cooperative handjob,,,rope walking,chastity cage,,,,
,string panties,,open collar,,,penis in swimsuit,,penises touching,nursing handjob,,,slave,clitoris clamp,,,,
More / Miscellaneous,,,dress pull,,,penis in thighhigh,,symmetrical docking,cuddling handjob,,,spanked,nipple clamps,,,,
anal ball wear,Panties with other clothes,, open hoodie,,,penis sheath,,asymmetrical docking,reverse nursing handjob,,,torture,tongue clamp,,,,
Maebari,panties over bike shorts,,open jacket,,,penis under another's clothes,,undressing,reach-around,,,clitoris torture,collar,,,,
Pasties,panties under bike shorts,,leotard pull,,,erection under clothes,,grinding,two-handed handjob,,,nipple torture,cuffs,,,,
,panties over pantyhose,,kimono down,,,erection under shirt,,pantsing,,,,nipple clamps,shackles,,,,
,panties under pantyhose,,kimono pull,,,erection under blanket,,crotch rub,Masturb,,,nipple pull,handcuffs,,,,
,panties under buruma,,pajamas pull,,,,,sucking,masturbation,,,ball busting,hobble,,,,
,pantylines,,open robe,,,Other,,pillow straddling,clothed masturbation,,,tickle torture,gag,,,,
,pantyshot,,shirt aside,,,condom on penis,,,crotch rub,,,wax play,ball gag,,,,
,implied pantyshot,,topless male,,,towel on penis,,Fetishes and Special Practices,building sex,,,,bit gag,,,,
,upskirt,,no shirt,,,disembodied penis,,glove biting,pillow sex,,,Cum Play,cleave gag,,,,
,,,open shirt,,,invisible penis,,bondage,teddy bear sex,,,cum,panty gag,,,,
,Panties and hands,,shirt lift,,,penis awe,,fisting,table humping,,,bukkake,plug gag,,,,
,adjusting panties,,shirt pull,,,penis shadow,,spanking,female masturbation,,,cumdump,ring gag,,,,
,hand in panties,,shirt slip,,,extra penises,,breast clinging,futanari masturbation,,,cum bath,tape gag,,,,
,holding panties,,sweater lift,,,,,pegging,implied masturbation,,,cumdrip,gag harness,,,,
,,,top pull,,,,,prostate milking,male masturbation,,,cum pool,gimp suit,,,,
,Panties and legs,,open vest,,,,,biting,mutual masturbation,,,cum inflation,leash,,,,
,panties around ankles,,,,,,,biting own tail,stealth masturbation,,,cum in ass,clitoris leash,,,,
,panties around one leg,,Exposed breasts,,,,,foreskin biting,tail masturbation,,,cum in clothes,leash on penis,,,,
,panty pull,,breastless clothes,,,,,glove biting,,,,cum in cup,nipple leash,,,,
,,,one breast out,,,,,blood sucking,tail,,,cum in mouth,nose hook,,,,
,Panties and breasts,,breast slip,,,,,self breast sucking,tail insertion,,,cum in throat,anal hook,,,,
,panties on breasts,,breasts out,,,,,toe sucking,tail masturbation,,,cum on tongue,piercing,,,,
,,,bra lift,,,,,thumb sucking,tailjob,,,cum in pussy,tag group:piercings,,,,
,Panties and the penis,,no bra,,,,,sexual biting,,,,cum in urethra,pillory,,,,
,panties on penis,,bra pull,,,,,tail biting,Oral,,,cum on body,stocks,,,,
,penis in panties,,topless,,,,,milking,oral,,,cum on armpits,rope,,,,
,,,,,,,,voyeurism,anilingus,,,cum on ass,crotch rope,,,,
,Panties and the head,,Exposed parts of breasts,,,,,unbirthing,rusty trombone,,,cum on back,sounding,,,,
,panties in mouth,,backboob,,,,,mixed-sex bathing,breast sucking,,,cum on breasts,spreader bar,,,,
,panties on head,,cleavage,,,,,licking floor,cunnilingus,,,cum on chest,whip,,,,
,panty gag,,cleavage cutout,,,,,licking thigh,autocunnilingus,,,cum on feet,riding crop,,,,
,licking panties,,sideboob,,,,,prostate milking,implied cunnilingus,,,cum on fingers,wooden horse,,,,
,,,underboob,,,,,vomiting,fellatio,,,cum on hair,judas cradle,,,,
,Misc,,underboob cutout,,,,,smelling clothes,autofellatio,,,cum on pectorals,,,,,
,panties around tail,,,,,,,smelling pantyhose,cum swap (snowballing),,,cum on pussy,Fluids,,,,
,panties aside,,Exposed nipples,,,,,smelling underwear,deepthroat,,,cum on stomach,aphrodisiac,,,,
,unworn panties,,areola slip,,,,,eavesdropping,implied fellatio,,,cum in navel,enema,,,,
,panty lift,,nipple slip,,,,,peeking,irrumatio,,,cum on clothes,lotion,,,,
,trefoil,,nippleless clothes,,,,,bedwetting,cooperative fellatio,,,cum on eyewear,lotion bottle,,,,
,smelling underwear,,nipples (visible),,,,,spitting,multiple penis fellatio,,,cum on food,lube,,,,
,,,,,,,,splashing,hug and suck,,,ejaculation,,,,,
,Panties and fluids,,Exposed torso,,,,,squirting liquid,licking testicle,,,ejaculating while penetrated,,,,,
,blood on panties,,back cutout,,,,,tying,sitting on face (facesitting),,,pull out,,,,,
,cumdrip onto panties,,backless outfit,,,,,,testicle sucking,,,facial,,,,,
,cum in panties,,bare back,,,,,Sexual Violence,,,,autofacial,,,,,
,stained panties,,frontless outfit,,,,,groping,Hair,,,felching,,,,,
,wet panties,,midriff,,,,,molesting,hairjob,,,gokkun,,,,,
,,,navel cutout,,,,,forced dressing,,,,,,,,,
,Panties and objects,,side cutout,,,,,forced undressing,group sex,,,Exhibitionism and Voyeurism,,,,,
,vibrator under panties,,sideless outfit,,,,,abuse,blue plate special,,,exhibitionism,,,,,
,,,stomach cutout,,,,,drowning,daisy chain,,,clothed sex,,,,,
,Memes,,waist cutout,,,,,,gangbang,,,public indecency,,,,,
,they're not panties,,,,,,,,double penetration,,,public nudity,,,,,
,,,Focus on exposed legs or feet,,,,,,triple penetration,,,zenra,,,,,
,,,barefoot,,,,,,love train,,,public vibrator,,,,,
,,,bare legs,,,,,,cooperative fellatio,,,stealth masturbation,,,,,
,,,dress lift,,,,,,cooperative footjob,,,stealth paizuri,,,,,
,,,hip vent,,,,,,cooperative breast smother,,,stealth sex,,,,,
,,,leg cutout,,,,,,orgy,,,cheating,,,,,
,,,thigh cutout,,,,,,reverse spitroast,,,cuckolding,,,,,
,,,side slit,,,,,,spitroast,,,netorare,,,,,
,,,no pants,,,,,,teamwork,,,prostitution,,,,,
,,,shoe pull,,,,,,threesome,,,public use,,,,,
,,,sock pull,,,,,,MMF threesome,,,voyeurism,,,,,
,,,zettai ryouiki,,,,,,FFM threesome,,,caught,,,,,
,,,,,,,,,MMM threesome,,,peeking,,,,,
,,,Focus on exposed ass or crotch,,,,,,FFF threesome,,,walk-in,,,,,
,,,ass cutout,,,,,,,,,,,,,,
,,,bottomless,,,,,,Penetration and Insertion,,,Facial Expressions,,,,,
,,,buruma pull,,,,,,animal insertion,,,:>=,,,,,
,,,buruma aside,,,,,,cervical penetration,,,fucked silly,,,,,
,,,clitoris slip,,,,,,covered penetration,,,ahegao,,,,,
,,,clothing aside,,,,,,deep penetration,,,torogao,,,,,
,,,crotch cutout,,,,,,food insertion,,,naughty face,,,,,
,,,dress aside,,,,,,inflation,,,,,,,,
,,,leotard aside,,,,,,cum inflation,,,Incest,,,,,
,,,hakama pull,,,,,,big belly,,,incest,,,,,
,,,kimono lift,,,,,,enema,,,twincest,,,,,
,,,yukata lift,,,,,,large insertion,,,,,,,,
,,,no panties,,,,,,stomach bulge,,,Rape,,,,,
,,,panties aside,,,,,,male penetrated,,,rape,,,,,
,,,pants pull,,,,,,multiple insertions,,,assisted rape,,,,,
,,,open pants,,,,,,nipple penetration,,,femdom rape,,,,,
,,,pants pull,,,,,,nosejob,,,imminent rape,,,,,
,,,panty lift,,,,,,object insertion,,,molestation,,,,,
,,,panty pull,,,,,,vaginal object insertion,,,chikan,,,,,
,,,pussy peek,,,,,,anal object insertion,,,compensated molestation,,,,,
,,,pantyhose pull,,,,,,urethral insertion,,,,,,,,
,,,shorts aside,,,,,,sounding,,,Smother,,,,,
,,,open shorts,,,,,,fingering,,,smother,,,,,
,,,shorts pull,,,,,,anal fingering,,,asphyxiation,,,,,
,,,skirt around one leg,,,,,,prostate milking,,,breast smother,,,,,
,,,skirt around ankles,,,,,,fingering through clothes,,,sitting on face,,,,,
,,,open skirt,,,,,,fingering through panties,,,,,,,,
,,,skirt pull,,,,,,implied fingering,,,Views,,,,,
,,,skirt lift,,,,,,fisting,,,cross-section,,,,,
,,,swimsuit aside,,,,,,anal fisting,,,internal cumshot,,,,,
,,,bikini bottom aside,,,,,,self fisting,,,x-ray,,,,,
,,,,,,,,,sex,,,pov,,,,,
,,,Specific clothes or ornaments being worn as exceptions,,,,,,anal,,,female pov,,,,,
,,,naked apron,,,,,,double anal,,,,,,,,
,,,nearly naked apron,,,,,,imminent anal,,,oles,,,,,
,,,naked bandage,,,,,,pegging,,,power bottom,,,,,
,,,naked cape,,,,,,triple anal,,,futasub,,,,,
,,,naked capelet,,,,,,clothed sex,,,,,,,,
,,,naked chocolate,,,,,,guided penetration,,,Miscellaneous Fetishes,,,,,
,,,naked cloak,,,,,,happy sex,,,anatomy,,,,,
,,,naked coat,,,,,,imminent penetration,,,conjoined,,,,,
,,,naked hoodie,,,,,,implied sex,,,extra arms,,,,,
,,,naked jacket,,,,,,navel sex,,,extra breasts,,,,,
,,,naked overalls,,,,,,sex from behind,,,extra penises,,,,,
,,,naked ribbon,,,,,,skull fucking,,,bestiality,,,,,
,,,naked robe,,,,,,ear sex,,,Knotting,,,,,
,,,naked scarf,,,,,,penis in eye,,,condom,,,,,
,,,naked sheet,,,,,,tentacle sex,,,used condom on penis,,,,,
,,,naked shirt,,,,,,underwater sex,,,condom left inside,,,,,
,,,naked suspenders,,,,,,vaginal,,,used condom,,,,,
,,,naked tabard,,,,,,after vaginal,,,defloration,,,,,
,,,naked towel,,,,,,double vaginal,,,nantaimori,,,,,
,,,underwear only,,,,,,imminent vaginal,,,nyotaimori,,,,,
,,,,,,,,,triple vaginal,,,wakamezake,,,,,
,,,Naughty points of view,,,,,,,,,bust cup,,,,,
,,,downblouse,,,,,,After,,,female ejaculation,,,,,
,,,downpants,,,,,,after sex,,,Pussy juice,,,,,
,,,pantyshot,,,,,,after anal,,,glory hole,,,,,
,,,upskirt,,,,,,after buttjob,,,glory wall,,,,,
,,,,,,,,,after fellatio,,,human furniture,,,,,
,,,Dressing / Covering body parts,,,,,,after fingering,,,forniphilia,,,,,
,,,covering privates,,,,,,after frottage,,,human toilet,,,,,
,,,covering anus,,,,,,after insertion,,,Mating (animal),,,,,
,,,covering ass,,,,,,after masturbation,,,Mecha on girl,,,,,
,,,covering breasts,,,,,,after oral,,,pregnant,,,,,
,,,covering crotch,,,,,,after paizuri,,,giving birth,,,,,
,,,covering head,,,,,,after rape,,,impregnation,,,,,
,,,covering own ears,,,,,,after urethral,,,unbirthing,,,,,
,,,covering one eye,,,,,,after vaginal,,,selfcest,,,,,
,,,covering own eyes,,,,,,afterglow,,,smelling,,,,,
,,,covering face,,,,,,clothed after sex,,,smelling feet,,,,,
,,,covering own mouth,,,,,,,,,smelling clothes,,,,,
,,,nude cover,,,,,,Yaoi sex,,,smelling underwear,,,,,
,,,,,,,,,yaoi,,,smelling pantyhose,,,,,
,,,Touching clothes,,,,,,bara,,,tentacles,,,,,
,,,adjusting clothes,,,,,,implied yaoi,,,consensual tentacles,,,,,
,,,clothes grab,,,,,,bulges touching,,,mechanical tentacles,,,,,
,,,apron grab,,,,,,penises touching,,,penis tentacle,,,,,
,,,collar grab,,,,,,testicles touching,,,pussy tentacle,,,,,
,,,necktie grab,,,,,,,,,tentacle clothes,,,,,
,,,skirt grab,,,,,,Yuri sex,,,tentacle gagged,,,,,
,,,collar tug,,,,,,yuri,,,tentaclejob,,,,,
,,,dress tug,,,,,,implied yuri,,,tentacle pit,,,,,
,,,shirt tug,,,,,,tribadism,,,kankaku shadan,,,,,
,,,skirt tug,,,,,,,,,tentacle sex,,,,,
,,,wringing clothes,,,,,,,,,tentacles in thighhighs,,,,,
,,,,,,,,,,,,tentacles under clothes,,,,,
,,,Misc / more,,,,,,,,,tentacles on male,,,,,
,,,nude modeling,,,,,,,,,too many tentacles,,,,,
,,,tan,,,,,,,,,vore,,,,,
,,,tanlines,,,,,,,,,,,,,,
,,,,,,,,,,,,Scat and Urination,,,,,
,,,,,,,,,,,,scat,,,,,
,,,,,,,,,,,,enema,,,,,
,,,,,,,,,,,,peeing,,,,,
,,,,,,,,,,,,drinking pee,,,,,
,,,,,,,,,,,,golden shower,,,,,
,,,,,,,,,,,,peeing on viewer,,,,,
,,,,,,,,,,,,have to pee,,,,,
,,,,,,,,,,,,peeing self,,,,,
,,,,,,,,,,,,,,,,,
,,,,,,,,,,,,Mutilation,,,,,
,,,,,,,,,,,,guro,,,,,
,,,,,,,,,,,,amputee,,,,,
,,,,,,,,,,,,double amputee,,,,,
,,,,,,,,,,,,quadruple amputee,,,,,
,,,,,,,,,,,,triple amputee,,,,,