Technology,Armor,Weapons,Ground Vehicles,Water Vehicles,Air Vehicles,Items,Furnitures,Music intruments
,,,,,,,,
Themes,Head,Explosives,Small Vehicles,Small Vehicles,Small Vehicles,Kitchen,Furniture,Strings
Science fiction,armored twintails,Artillery,Bicycle,Surfboard,Broom,Baking tray,Sofa,Violin
Cyberpunk,balaclava,Bomb,Roller skates,Jet ski,Broom Riding,Blender,Armchair,Viola
Steampunk,faceplate,Cannon,Ice skates,Paddleboard,Broom Surfing,Bowl,Coffee Table,Cello
Fantasy,forehead protector,Grenade,Electric scooter,Kayak,Dragonfly Drone,Can opener,Dining Table,Double Bass
Mechanization,helm,Mine,Skateboard,Canoe,Electric Glider,Coffee maker,Dining Chairs,Acoustic Guitar
Personification,helmet,Mortar,Segway,Rowboat,Exosuit Flyer,Colander,Bed,Electric Guitar
Mecha musume,kabuto,,Moped,Dinghy,Gyrocopter,Cup,Nightstand,Electric Bass
OS-tan,kettle helm,Launchers & missile weaponry,Tricycle,Paddle boat,Hoverboard,Cutting board,Dresser,Harp
,morion,Grenade launcher,Scooter,Inflatable boat,Jetpack,Dishwasher,Wardrobe,Banjo
Robots & artificial life,pith helmet,Missile,Motorized wheelchair,Airboat,Nano-Drone,Food processor,Bookshelf,Mandolin
Android,spiked helmet,Rocket launcher,Personal watercraft,Zodiac boat,Paraglider,Fork,Entertainment Center,Ukulele
Robot joints,visor (armor),Multishot rocket launcher,Hoverboard,Pirogue,Raven Drone,Glass,Desk,Sitar
Mechanical parts,winged helmet,,Electric unicycle,Raft,Tetrahedral Drone,Grater,Office Chair,Lyre
Robot ears,,Guns types,Razor scooter,Wetbike,Wind Glider,Ice cube tray,Recliner,Bouzouki
Cyborg,Neck,handgun,Sidecar,Hydrofoil,Zero-Gravity Sled,Knife,Bench,Balalaika
Mecha,gorge,revolver,Golf cart,Sailboard,,Ladle,Side Table,Dulcimer
Robot dragon,shikoro,machine gun,Rickshaw,,Medium Vehicles,Measuring cups,Cabinet,Lute
Replicant,,light machine gun,Pedicab,Medium Vehicles,Helicopter,Meat thermometer,Storage Unit,Charango
Robot,Shoulders,heavy machine gun,Electric bike,Boat,Jet,Microwave,Buffet,Guitarrón
Robot animal,pauldrons,rifle,Mini bike,Fishing boat,Ornithopter,Microwave-safe dish,Console Table,Rebab
,shoulder pads,assault rifle,one-wheeled scooter,Police boat,Seaplane,Mixing bowl,Hallway Table,
Mecha - suits & gadgets,sode,battle rifle,,Jet boat,Spaceplane,Mug,Footstool,Woodwinds
Power suit,,sniper rifle,Medium Vehicles,Hoverboard,Stealth Bomber,Oven,Ottoman,Flute
Plugsuit,Arms,anti-materiel rifle,Car,Gondola,Cloud Skimmer,Oven mitts,Chaise Lounge,Piccolo
Exoskeleton,rerebrace,shotgun,Motorcycle,Swan boat,Cyber-Skiff,Pan,Media Stand,Oboe
Mecha,arm guards,submachine gun,Pickup truck,Hydroplane,Gondola,Peeler,Shoe Rack,Clarinet
Gundam,couter,double-barreled shotgun,Van,Longboat,Hydroplane,Pizza cutter,Vanity,Bassoon
Mechanization,rondel,sawed-off shotgun,Taxi,Bateau,Nimbus Cruiser,Plate,Barstool,Saxophone
Sand mecha,bracer,underbarrel shotgun,Police car,Launch,Supersonic Cruiser,Pot,Filing Cabinet,English Horn
Mechanical broom,elbow pads,,Police motorcycle,Motorboat,Thunderbolt Jet,Pressure cooker,Loveseat,Bass Clarinet
Power glove,gauntlets,Gun mechanisms,Technical,Balsa raft,Transatmospheric Vehicle,Refrigerator,Bean Bag Chair,Duduk
Projector,kote,bolt action,Fire truck,Seabreacher,,Rolling pin,Armoire,Quena
Jetpack,kurokote,bullpup,Garbage truck,Hovercraft,Large Vehicles,Spatula,Bookcase,Pan Flute
Striker unit,vambraces,flintlock,Concrete mixer truck,Sloop,Airship,Splatter guard,Credenza,Ocarina
Helicopter ears,,lever action,Flatbed truck,Schooner,Dirigible,Spoon,Shoe Bench,Recorder
Helicopter hair,Torso,revolver,Pickup truck,Submersible,Hot Air Balloon,Toaster,Changing Table,Shakuhachi
Utility belt,armor,,Dune buggy,,Rocket Ship,Whisk,Glider Chair,Harmonica
,breastplate,Gun accessories,All-terrain vehicle,Large Vehicles,Space Shuttle,,Corner Shelf,Melodica
Cybernetic attire,cuirass,holster,Quad bike,Yacht,Starfighter,Living Room,Tansu Chest,Crumhorn
Automail,muscle cuirass,laser sight,Golf cart,Cruiser,Spaceflight,Armchair,Murphy Bed,
Cybernetic,muneate,suppressor,Camper van,Sailboat,Astroplane,Bean bag chair,,Metalwinds - Brass
Doll joints,bulletproof vest,scope,Motorhome,Houseboat,Blimp,Bookends,,Trumpet
Mechanical foot,chainmail,gun sling,Mini-bus,Tugboat,Maglev Hovercraft,Bookshelf,,Trombone
Mechanical parts,scale armor,,Recreational vehicle,Trimaran,Orbital Platform,Candle,,French Horn
Mechanical wings,linothorax,Ammunition,Utility terrain vehicle,Catamaran,Solar Sailboat,Candle holder,,Tuba
Single mechanical arm,,ammunition,Mobile home,RIB (Rigid Inflatable Boat),Stratospheric Balloon,Clock,,Cornet
Nobiiru arm,Groin,ammunition box,Pedicab,Submarine,Terra-Hopper,Coasters,,Flugelhorn
Severed limb,crotch plate,bullet,,Research vessel,,Coffee table,,Euphonium
,faulds,cartridge,Large Vehicles,Pilot boat,Very Large,Curtains,,Sousaphone
Computers,kusazuri,clip,Bus,Ferry,Aircraft,DVD player,,Pocket Trumpet
Computer,codpiece,magazine,Truck,Luxury liner,Airplane,Floor lamp,,Piccolo Trumpet
Laptop,,extended magazine,Semi truck,Trawler,Fighter Jet,Furniture,,Bass Trumpet
Computer chip,Legs,shell casing,Armored vehicle,Tanker,Flying Saucer,Lamp,,Bugle
Keyboard,armored boots,casing ejection,Armored personnel carrier,Bulk carrier,Quantum Shuttle,Magazine rack,,Bagpipes
Mouse,sabaton,,Armored recovery vehicle,Container ship,Anti-Gravity Vehicle,Photo album,,Didgeridoo
Mousepad (object),cuisses,Directed-energy weapons,Tank,Icebreaker,Balloon Car,Picture frame,,Conch Shell
Ass mousepad,faulds,Laser,Tank destroyer,Ocean liner,Cyber-Skiff,Plant,,Sackbut
Breast mousepad,greaves,Laser rifle,Self-propelled artillery,Corvette,Grav-Pod,Recliner,,
Monitor,knee pads,Mikuru beam,Train,Gunboat,Lunar Lander,Remote caddy,,Keyboards
Curved monitor,kusazuri,Beam rifle,Armored train,Bounty boat,Magnetic Lift Shuttle,Remote control,,Piano
Multiple monitors,leg armor,Plasma rifle,Railway gun,Steamship,Space Drone,Rug,,Organ
RAM,poleyn,Ray gun,Dump truck,Clipper ship,Speedcraft,Side table,,Harpsichord
Tablet,shin guards,Graviton Beam Emitter,Haul truck,Galleon,Turbolift,Sofa,,Clavinet
Trackball,suneate,,Fire truck,Pinnace,,Speaker,,Accordion
Screen,Shield,Melee,Street sweeper,Junk,Airplane parts,Television,,Melodica
Floating screen,ballistic shield (tactical shield),arm blade,Snowplow,,afterburner,Throw blanket,,Electronic Keyboard
Touchscreen,beam shield,axe,Mobile crane,Very Large,airbrake,TV stand,,Synthesizer
USB,buckler,battle axe,Farm tractor,Aircraft carrier,airplane interior,Vase,,Player Piano
,riot shield,double-sided axe,Combine harvester,Battleship,canards,Wall art,,Celesta
Holograms,pavise,tomahawk,Livestock trailer,Destroyer,canopy,,,Hammond Organ
Hologram,,ball and chain,Car hauler,Cruiser,cockpit,Bedroom,,Pipe Organ
Holographic interface,Sets,spiked ball and chain,Tracked vehicle,Warship,glass cockpit,Alarm clock,,Percussion
Holographic keyboard,bikini armor,baton,Excavator,,open cockpit,Bed,,Drum Kit
Holographic touchscreen,reverse bikini armor,expandable baton,Bulldozer,Ship parts,contra-rotating propellers,Bed canopy,,Timpani
Holographic monitor,bougu,bayonet,Grader,Anchor,drop tank,Bed skirt,,Bongos
,bomb suit,bo staff,Backhoe loader,Cannon,landing gear,Bedside lamp,,Congas
Personal communication,exoskeleton,club,Skid-steer loader,Rigging,pontoon,Bedspread,,Snare Drum
Microphone,full armor,kanabou,Telehandler,Turret,propeller,Blanket,,Bass Drum
Microphone stand,power armor,dao,Forklift,,,Closet mirror,,Cymbals
Studio microphone,power suit,double-blade,Cherry picker,Anti-ship Weapon,Anti-aircraft weapons,Closet organizer,,Tambourine
Vintage microphone,Plate armor,falcata,Concrete mixer truck,Bomb,88 Flak,Desk,,Maracas
Phone,Japanese armor,falchion (weapon),Articulated lorry,Missile,anti-aircraft gun,Dresser,,Triangle
Cellphone,,flail,Armored truck,Naval mine,flak,Fan,,Xylophone
Cordless phone,Japanese,gunblade,Heavy haul truck,Torpedo,missile,Headboard,,Marimba
Cellphone radio bar,bougu,hammer,Snowmobile,,,Jewelry box,,Vibraphone
Cellphone strap,kabuto,sledgehammer,,Jobs,Aviation-related,Jewelry stand,,Tubular Bells
Corded phone,kote,war hammer,Special Vehicles,Sailor,aircraft carrier,Mattress,,Woodblock
Payphone,dou,jian (weapon),Drill tank,,airport,Mirror,,Cabasa
Phone booth,kurokote,jitte,Half-track,Sailor gear,contrail,Nightlight,,Guiro
Smartphone,kusazuri,jamadhar,Steamroller,Life vest,control tower,Nightstand,,Castanets
iPhone,muneate,knife,Turretless tank,,flight deck,Pillow,,Timbales
Phonecard,Japanese armor,combat knife,Tracked loader,,hangar,Quilt,,Tabla
Speaker,shikoro,dagger,Ice resurfacer,,landing,Scented candles,,
Earpiece,sode,kris,Recreational vehicle,,military base,Sheet,,Electronics
Robot ears,suneate,kukri,Historical vehicle,,runway,Sleep mask,,Modular Synthesizer
Earphones,,kunai,Hot rod,,,Throw pillows,,Theremin
Headphones,Ancient/Medieval,mace,Luxury bus,,Combat,Wardrobe,,Drum Machine
Walkie-talkie,breastplate,flanged mace,Luxury van,,aerial battle,,,Sequencer
Headset,cuirass,spiked mace,Freightliner,,dogfight,Bathroom,,Sampler
,buckler,machete,,,Gulf War,Bath mat,,EWI (Electronic Wind Instrument)
Radio,chainmail,macuahuitl,Car Types,,Korean War,Bath pillow,,EVI (Electronic Valve Instrument)
Radio,faulds,nunchaku,ambulance,,Vietnam War,Bath salts,,Electronic Organ
Stereo,gauntlets,polearm,convertible,,World War I,Bathrobe,,Synth Bass
Radio tower,greaves,bardiche (weapon),hearse,,World War II,Bathtub,,DJ Mixer
Satellite dish,helm,billhook,limousine,,,Electric razor,,Turntables
Radio booth,morion,dagger axe,muscle car,,Jobs,Hairdryer,,MIDI Controller
Radio telescope,kettle_helm,glaive,police car,,flight attendant,Handheld mirror,,Digital Audio Workstation (DAW)
Field radio,scale armor,guan dao,racecar,,pilot,Shampoo,,Loop Station
Radio antenna,vambraces,halberd,Formula Racer,,travel attendant,Shower,,Audio Interface
,visor (armor),nagimaki,funny car,,,Shower caddy,,DJ Controller
Mechanical,winged helmet,naginata,Le Mans Prototype,,Pilot gear,Shower cap,,Groovebox
Bolt,,partisan,rally car,,aviator cap,Shower curtain,,Launchpad
Crank,Modern,polehammer,sports car,,flight goggles,Soap,,Effects Processor
Gears,bulletproof vest,sasumata,sports utility vehicle,,heads-up display,Soap dispenser,,Audio Sampler
Mechanical parts,bulletproof vest,scythe,taxi,,oxygen mask,Toilet brush,,DJ Headphones
Nut,bomb suit,spear,van,,pilot suit,Toilet paper holder,,DJ Software
Piston,riot shield,bident,vintage car,,,Toothbrush,,Loop Pedal
Rotary switch,shin guards,fangtian ji,,,,Toothbrush holder,,Multi-effects Unit
Screw,,lance,Customization Styles,,,Toothpaste,,Sampler Keyboard
Tube,Futuristic,pike (weapon),Itasha,,,Towel,,Digital Synthesizer
Electronic,beam shield,swordstaff,Lowrider,,,Towel rack,,Drum Pad Controller
Cable,exoskeleton,trident,Stance,,,,,USB Microphone
Power lines,Gravity Suit,yari,,,,Personal Care,,Mixing Console
Wire,mecha danshi,juumonji yari,Car parts and Accessories,,,Toothbrush,,
Capacitor,mecha musume,sai,car interior,,,Toothpaste,,Miscellaneous
Circuit board,mechanization,sickle,dashboard,,,Shampoo,,Kalimba
Light bulb,power armor,switch axe,engine,,,Conditioner,,Steel Drum
Nixie tube,power suit,sword,exhaust pipe,,,Body Wash,,Cuica
Resistor,SEVA Suit,long sword,headlight,,,Soap,,Berimbau
,,estoc (weapon),license plate,,,Moisturizer,,Erhu
Space,Training,kriegsmesser,pop-up headlights,,,Deodorant,,Koto
Satellite,bougu,szczerbiec,rear-view mirror,,,Face Cleanser,,Pipa
Satellite cannon,,concealed weapon,side-view mirror,,,Facial Toner,,Shamisen
Space station,Personalities,jian,spoiler,,,Sunscreen,,Sitar
International space station,alphonse elric armor,dao,steering wheel,,,Hand Cream,,Tanpura
Space Elevator,conquistador,katana,quick release steering wheel,,,Nail Clippers,,Oud
Space fountain,dark knight,chokutou,tire,,,Hair Brush,,Sarangi
Black Hole,knight,nagamaki,spare tire,,,Comb,,Zither
Space helmet,knights templar,ootachi,turbocharger,,,Razor,,Morin Khuur
Space sword,legionnaire,tachi,,,,Shaving Cream,,Gayageum
Space habitat,military operator,short sword,Unusual door types,,,Toilet Paper,,
Spacecraft,samurai,gladius,butterfly doors,,,Cotton Swabs,,
Spacecraft interior,soldier,katzbalger,gullwing doors,,,Cotton Balls,,
Space capsule,stormtrooper,kodachi,scissor doors,,,Eye Cream,,
Space train,Swiss Guard,ninjatou,,,,Lip Balm,,
Spacesuit,Viking,tantou,Vehicle parts,,,Body Lotion,,
Space uniform,Winged Hussar,cutlass,Caterpillar tracks,,,Hair Conditioner,,
Space shuttle,,rapier,Exhaust,,,Face Mask,,
Space,Named armor,saber,Hatch,,,Foot Cream,,
,Armor of Altair,scimitar,License plate,,,Tweezers,,
Descriptions,Berserker Armor,shashka,Mine roller,,,Eyelash Curler,,
Clockwork,Gravity Suit,shotel,Steering wheel,,,Makeup Remover,,
Glowing,High-cut Armor,sickle,Tank gun,,,Cuticle Oil,,
Mechanical,N7 Armor,greatsword,Turret,,,,,
Neon trim,Protect Gear,claymore (sword),Tank turret,,,Office,,
Radioactive,SEVA Suit,zweihander,Vehicle interior,,,Air conditioner,,
Transformation,Terminator Armor,flamberge,Tank interior,,,Bulletin board,,
,,whip sword,Vehicle muffler,,,Business card holder,,
Jobs,Miscellaneous,crystal sword,Wheel,,,Cable management system,,
Engineer,barding,energy sword,Tire,,,Calculator,,
Mechanic,broken armor,lightsaber,Spare tire,,,Computer,,
Pilot,leather armor,saberstaff,,,,Desk,,
Programming,naked armor,beam saber,Antivehicle Weapon,,,Desk clock,,
,ornate armor,windfire wheel,Anti-tank dog,,,Desk fan,,
Robots & Artificial Life Characters,armored dress,three section staff,Anti-tank grenade,,,Desk lamp,,
Cyber elf,tabard,,Anti-tank gun,,,Desk mat,,
Mecha-drago,,Training melee weapons,Anti-materiel rifle,,,Desk organizer,,
Transformers,,shinai,Anti-tank mine,,,Document tray,,
Autobot,,wooden sword,Anti-materiel rifle,,,Ergonomic chair cushion,,
Aerialbot,,bokken,Bazooka,,,File storage box,,
Protectobot,,tonfa,Goliath tracked mine,,,Filing cabinet,,
Decepticon,,,Panzerfaust,,,Filing folders,,
Combaticon,,Ranged (non-firearms),,,,Highlighter,,
Constructicon,,bow,Fictional Vehicles,,,Ink cartridges,,
Stunticon,,arrow,Baneblade,,,Keyboard,,
,,yumi (bow),Edelweiss,,,Laptop stand,,
Costumes & Clothes,,chakram,Kaneda Shoutarou's Bike,,,Monitor,,
Stillsuit,,crossbow,Landmaster,,,Monitor stand,,
Neko cyber,,shuriken,Lightcycle,,,Mouse,,
Transforming clothes,,sling,Maser tank,,,Mouse pad,,
,,slingshot,Leman Russ,,,Notebook,,
Places,,throwing knives,Scorpion,,,Office chair,,
City,,black Keys,Shamrock,,,Office chair mat,,
Cityscape,,,T-100 Varsuk,,,Paper,,
Cybertron,,Miscellaneous weapons,Warthog,,,Paper shredder,,
Death Star,,baseball bat,Wraith,,,Pen,,
,,nail bat,,,,Phone stand,,
Sciencific,,brass knuckles,,,,Post-it notes,,
Electricity,,spiked knuckles,,,,Printer,,
Plasma,,chainsaw,,,,Printer paper,,
,,crowbar,,,,Printer stand,,
Medical,,drill,,,,Staple remover,,
Bandages,,flamethrower,,,,Stapler,,
Electrodes,,flashbang,,,,Surge protector,,
Gauze,,hatchet,,,,Telephone,,
Pill,,nata,,,,USB hub,,
Stretcher,,hashitsuki nata,,,,Webcam,,
Syringe,,hatchet (axe),,,,Whiteboard,,
X-ray film,,improvised weapon,,,,Wrist rest,,
,,lead pipe,,,,,,
Unsorted,,molotov cocktail,,,,Dining Room,,
Mecha on girl,,pile bunker,,,,Centerpiece,,
,,smoke grenade,,,,China cabinet,,
,,,,,,China hutch,,
,,Accessories & parts,,,,Dining chairs,,
,,ammunition,,,,Dining table,,
,,40mm grenade,,,,Dinner plate,,
,,handgun cartridge,,,,Glassware,,
,,rifle cartridge,,,,Lazy Susan,,
,,shotgun shell,,,,Napkin rings,,
,,ammunition belt,,,,Napkins,,
,,disintegrating link,,,,Placemats,,
,,ammunition box,,,,Salad plate,,
,,ammunition pouch,,,,Salt and pepper shakers,,
,,belt pouch,,,,Serving cart,,
,,chest rig,,,,Serving platter,,
,,load bearing equipment,,,,Serving utensils,,
,,load bearing vest,,,,Sideboard,,
,,bandolier,,,,Silverware,,
,,barrel,,,,Soup bowl,,
,,barrel shroud,,,,Tablecloth,,
,,bipod,,,,Wine glasses,,
,,clip,,,,,,
,,compensator,,,,Storage,,
,,flip-up sight,,,,Baskets,,
,,folding stock,,,,Closet organizers,,
,,foregrip,,,,Drawer dividers,,
,,angled foregrip,,,,Drawer organizers,,
,,vertical foregrip,,,,Hangers,,
,,gazyr,,,,Hanging shoe organizer,,
,,gun sling,,,,Hooks,,
,,holster,,,,Label maker,,
,,ankle holster,,,,Pegboard,,
,,gunbelt,,,,Plastic bins,,
,,shoulder holster,,,,Shelf dividers,,
,,thigh holster,,,,Shelving units,,
,,laser sight,,,,Shoe rack,,
,,magazine,,,,Storage bins with lids,,
,,drum magazine,,,,Storage boxes,,
,,dual drum magazine,,,,Storage cubes,,
,,extended magazine,,,,Storage ottoman,,
,,muzzle device,,,,Under-bed bins,,
,,optical sight,,,,Under-bed storage,,
,,quiver,,,,Under-sink storage,,
,,scope,,,,Vacuum bags,,
,,sheath,,,,Vacuum storage bags,,
,,Avalon,,,,Wall hooks,,
,,shell casing,,,,,,
,,revolver speedloader,,,,Laundry & Cleaning,,
,,shotgun speedloader,,,,All-purpose cleaner,,
,,suppressor,,,,Bleach,,
,,weapon bag,,,,Broom,,
,,weapon case,,,,Carpet cleaner,,
,,,,,,Cleaning caddy,,
,,Actions,,,,Clothesline,,
,,aiming,,,,Clothespins,,
,,aiming at viewer,,,,Detergent,,
,,aiming at viewer,,,,Dish soap,,
,,bolt action,,,,Dishwasher detergent,,
,,break action,,,,Disinfectant,,
,,bullpup,,,,Dryer,,
,,c-clamp,,,,Dryer sheets,,
,,casing ejection,,,,Drying balls,,
,,cleaning weapon,,,,Drying rack,,
,,cocking gun,,,,Dust mop,,
,,combat shotgun,,,,Duster,,
,,dual wielding,,,,Dustpan,,
,,finger on trigger,,,,Fabric shaver,,
,,firing,,,,Fabric softener,,
,,flared muzzle,,,,Floor cleaner,,
,,glowing weapon,,,,Folding table,,
,,golden gun,,,,Garment steamer,,
,,gun in mouth,,,,Glass cleaner,,
,,gun to head,,,,Iron,,
,,holding gun,,,,Ironing board,,
,,huge weapon,,,,Ironing water spray,,
,,human bipod,,,,Laundry bag,,
,,Kalashnikov rifle,,,,Laundry basket,,
,,lever,,,,Laundry hamper,,
,,lever action,,,,Laundry marker,,
,,looking through scope,,,,Lint bin,,
,,magazine ejection,,,,Lint roller,,
,,mexican standoff,,,,Microfiber cloth,,
,,muzzle flash,,,,Microfiber mop,,
,,ornate weapon,,,,Mop,,
,,ported barrel,,,,Mop bucket,,
,,pump action,,,,Oven cleaner,,
,,ready to draw,,,,Rubber gloves,,
,,reloading,,,,Scrub brush,,
,,trigger discipline,,,,Stain remover,,
,,triple wielding,,,,Stainless steel cleaner,,
,,two-handed,,,,Steamer,,
,,,,,,Vacuum cleaner,,
,,Other related tags,,,,Washing machine,,
,,at gunpoint,,,,Window squeegee,,
,,armory,,,,Wood polish,,
,,bad gun anatomy,,,,,,
,,bullet hole,,,,Garden,,
,,cannonball,,,,Bird feeder,,
,,center axis relock stance,,,,Compost bin,,
,,close quarters combat,,,,Flower pot,,
,,crosshair,,,,Garden apron,,
,,explosion,,,,Garden fork,,
,,flak,,,,Garden gloves,,
,,gun to head,,,,Garden gnome,,
,,gunshot wound,,,,Garden kneeler,,
,,headshot,,,,Garden trowel,,
,,locked slide,,,,Hoe,,
,,Mexican standoff,,,,Hose nozzle,,
,,muzzle flash,,,,Lawn mower,,
,,open cylinder (revolver),,,,Mulch,,
,,projectile trail,,,,Plant stakes,,
,,Itano circus,,,,Pruning saw,,
,,rifling,,,,Pruning shears,,
,,gun barrel sequence,,,,Rake,,
,,shooting range,,,,Seed packets,,
,,target practice,,,,Shovel,,
,,weapon focus,,,,Trellis,,
,,weapon name,,,,Watering hose reel,,
,,weapon rack,,,,Watering wand,,
,,,,,,Wind chime,,
,,,,,,,,
,,,,,,Garage & Workshop,,
,,,,,,Adjustable wrench,,
,,,,,,Bolt cutters,,
,,,,,,Bonesaw,,
,,,,,,Car jack,,
,,,,,,Carpenter’s square,,
,,,,,,Chainsaw,,
,,,,,,Chisel set,,
,,,,,,Circular saw,,
,,,,,,Clamps,,
,,,,,,Claw hammer,,
,,,,,,Clippers,,
,,,,,,Combination wrench,,
,,,,,,Coping saw,,
,,,,,,Double sided wrench,,
,,,,,,Drill,,
,,,,,,Drill bits,,
,,,,,,Dust collector,,
,,,,,,Ear protection,,
,,,,,,Electric screwdriver,,
,,,,,,Garage shelving,,
,,,,,,Hacksaw,,
,,,,,,Hammer,,
,,,,,,Hand drill,,
,,,,,,Hand saw,,
,,,,,,Japanese saw,,
,,,,,,Jigsaw,,
,,,,,,Jumper cables,,
,,,,,,Level,,
,,,,,,Lug wrench,,
,,,,,,Mallet,,
,,,,,,Miracle mallet,,
,,,,,,Nails,,
,,,,,,Nails,,
,,,,,,Oil can,,
,,,,,,Paint,,
,,,,,,Pegboard hooks,,
,,,,,,Pincer,,
,,,,,,Pipe wrench,,
,,,,,,Pliers,,
,,,,,,Router,,
,,,,,,Router bits,,
,,,,,,Safety goggles,,
,,,,,,Sandpaper,,
,,,,,,Saw,,
,,,,,,Saw,,
,,,,,,Saw cleaver,,
,,,,,,Scissors,,
,,,,,,Screwdriver,,
,,,,,,Screwdriver set,,
,,,,,,Screws,,
,,,,,,Shears,,
,,,,,,Shelves,,
,,,,,,Shop vac,,
,,,,,,Sledgehammer,,
,,,,,,Socket set,,
,,,,,,Socket wrench,,
,,,,,,Step ladder,,
,,,,,,Storage bins,,
,,,,,,Tape measure,,
,,,,,,Tire inflator,,
,,,,,,Tire pressure gauge,,
,,,,,,Tongs,,
,,,,,,Tool belt,,
,,,,,,Toolbox,,
,,,,,,Toy hammer,,
,,,,,,Two-man saw,,
,,,,,,Wood planks,,
,,,,,,Work gloves,,
,,,,,,Workbench,,
,,,,,,Workbench light,,
,,,,,,Workbench vise,,
,,,,,,Wrench,,
,,,,,,,,
,,,,,,Fitness & Gym,,
,,,,,,Ankle weights,,
,,,,,,Balance board,,
,,,,,,Dumbbells,,
,,,,,,Elliptical trainer,,
,,,,,,Exercise ball,,
,,,,,,Exercise bike,,
,,,,,,Fitness tracker,,
,,,,,,Foam roller,,
,,,,,,Jump rope,,
,,,,,,Kettlebell,,
,,,,,,Medicine ball,,
,,,,,,Pilates ring,,
,,,,,,Pull-up bar,,
,,,,,,Resistance bands,,
,,,,,,Rowing machine,,
,,,,,,Speed rope,,
,,,,,,Treadmill,,
,,,,,,Weight bench,,
,,,,,,Weighted vest,,
,,,,,,Yoga block,,
,,,,,,Yoga mat,,
,,,,,,,,
,,,,,,Outdoor,,
,,,,,,Barbecue grill,,
,,,,,,Basketball,,
,,,,,,Bicycle,,
,,,,,,Binoculars,,
,,,,,,Camping chair,,
,,,,,,Camping stove,,
,,,,,,Camping tent,,
,,,,,,Compass,,
,,,,,,Compost tumbler,,
,,,,,,Fire pit,,
,,,,,,Firewood rack,,
,,,,,,Fishing rod,,
,,,,,,Garden bench,,
,,,,,,Garden hose,,
,,,,,,Garden hose reel,,
,,,,,,Garden statue,,
,,,,,,Hammock,,
,,,,,,Hedge trimmer,,
,,,,,,Hiking boots,,
,,,,,,Hiking poles,,
,,,,,,Kayak,,
,,,,,,Lantern,,
,,,,,,Leaf blower,,
,,,,,,Outdoor cushions,,
,,,,,,Outdoor fireplace,,
,,,,,,Outdoor heater,,
,,,,,,Outdoor lighting,,
,,,,,,Outdoor rug,,
,,,,,,Outdoor sofa,,
,,,,,,Outdoor storage box,,
,,,,,,Patio chairs,,
,,,,,,Patio table,,
,,,,,,Patio umbrella,,
,,,,,,Planter boxes,,
,,,,,,Portable grill,,
,,,,,,Skateboard,,
,,,,,,Sleeping bag,,
,,,,,,Soccer ball,,
,,,,,,Tennis racket,,
,,,,,,Tent,,
,,,,,,Trail map,,
,,,,,,Watering can,,
,,,,,,Wheelbarrow,,
,,,,,,,,
,,,,,,Children's Room,,
,,,,,,Action figures,,
,,,,,,Baby bottles,,
,,,,,,Baby monitor,,
,,,,,,Baby wipes,,
,,,,,,Bean bag,,
,,,,,,Bed tent,,
,,,,,,Building blocks,,
,,,,,,Changing table,,
,,,,,,Crib,,
,,,,,,Diapers,,
,,,,,,Dolls,,
,,,,,,Growth chart,,
,,,,,,Kids' table and chairs,,
,,,,,,Mobile,,
,,,,,,Night light,,
,,,,,,Nightlight projector,,
,,,,,,Pacifiers,,
,,,,,,Play mat,,
,,,,,,Playpen,,
,,,,,,Puzzles,,
,,,,,,Storage bench,,
,,,,,,Stuffed animals,,
,,,,,,Toy bins,,
,,,,,,Toy box,,
,,,,,,Toy chest,,
,,,,,,Wall decals,,
,,,,,,Wall stickers,,
,,,,,,,,
,,,,,,Pet Supplies,,
,,,,,,Bird bath,,
,,,,,,Bird food,,
,,,,,,Bird perch,,
,,,,,,Birdcage,,
,,,,,,Cat bed,,
,,,,,,Cat food,,
,,,,,,Cat tree,,
,,,,,,Chew toys,,
,,,,,,Collar,,
,,,,,,Dog bed,,
,,,,,,Dog crate,,
,,,,,,Dog food,,
,,,,,,Fish tank,,
,,,,,,Hamster wheel,,
,,,,,,Leash,,
,,,,,,Litter box,,
,,,,,,Perches,,
,,,,,,Pet bed,,
,,,,,,Pet carrier,,
,,,,,,Pet collar,,
,,,,,,Pet food bowl,,
,,,,,,Pet fountain,,
,,,,,,Pet grooming brush,,
,,,,,,Pet leash,,
,,,,,,Pet toys,,
,,,,,,Reptile terrarium,,
,,,,,,Scratching post,,
,,,,,,,,
,,,,,,Pantry,,
,,,,,,Baking soda,,
,,,,,,Bread box,,
,,,,,,Bread maker,,
,,,,,,Canisters,,
,,,,,,Canned beans,,
,,,,,,Coffee grinder,,
,,,,,,Flour,,
,,,,,,Food scale,,
,,,,,,Honey,,
,,,,,,Jar opener,,
,,,,,,Mason jars,,
,,,,,,Oats,,
,,,,,,Olive oil,,
,,,,,,Pasta,,
,,,,,,Pepper grinder,,
,,,,,,Rice,,
,,,,,,Salt,,
,,,,,,Shelf liners,,
,,,,,,Spice jars,,
,,,,,,Spice rack,,
,,,,,,Sugar,,
,,,,,,Tupperware,,
,,,,,,Vinegar,,
,,,,,,,,
,,,,,,Entertainment - Hobby & DIY,,
,,,,,,Beading kit,,
,,,,,,Beads,,
,,,,,,Bluetooth speaker,,
,,,,,,Board games,,
,,,,,,Books,,
,,,,,,Card games,,
,,,,,,Carpenter's square,,
,,,,,,Caulk gun,,
,,,,,,CDs,,
,,,,,,Charcoal,,
,,,,,,Chess set,,
,,,,,,Cordless drill,,
,,,,,,Craft glue,,
,,,,,,Craft knife,,
,,,,,,Craft table,,
,,,,,,Decals,,
,,,,,,Drawing pencils,,
,,,,,,Drop cloth,,
,,,,,,Drop cloths,,
,,,,,,DVDs,,
,,,,,,Easel,,
,,,,,,Electric sander,,
,,,,,,Embroidery thread,,
,,,,,,Fabric,,
,,,,,,Game console controller,,
,,,,,,Glue,,
,,,,,,Glue gun sticks,,
,,,,,,Headphones,,
,,,,,,Heat gun,,
,,,,,,Karaoke machine,,
,,,,,,Knitting needles,,
,,,,,,Magazines,,
,,,,,,Measuring tape,,
,,,,,,Model kits,,
,,,,,,Paint brushes,,
,,,,,,Paint palette,,
,,,,,,Paint rollers,,
,,,,,,Paint scraper,,
,,,,,,Paint tray,,
,,,,,,Painter's tape,,
,,,,,,Painter’s tape,,
,,,,,,Paints,,
,,,,,,Playing cards,,
,,,,,,Projector,,
,,,,,,Putty knife,,
,,,,,,Puzzle,,
,,,,,,Puzzle mat,,
,,,,,,Ribbon,,
,,,,,,Roller covers,,
,,,,,,Sewing patterns,,
,,,,,,Sketch pad,,
,,,,,,Streaming device,,
,,,,,,TV remote,,
,,,,,,Video game console,,
,,,,,,Video games,,
,,,,,,Vinyl records,,
,,,,,,Wallpaper steamer,,
,,,,,,Wood glue,,
,,,,,,,,
,,,,,,Books,,
,,,,,,Novel,,
,,,,,,Dictionary,,
,,,,,,Encyclopedia,,
,,,,,,Biography,,
,,,,,,Autobiography,,
,,,,,,Memoir,,
,,,,,,Textbook,,
,,,,,,Cookbook,,
,,,,,,Guidebook,,
,,,,,,Manual,,
,,,,,,Atlas,,
,,,,,,Reference Book,,
,,,,,,Anthology,,
,,,,,,Travelogue,,
,,,,,,Journal,,
,,,,,,Workbook,,
,,,,,,Graphic Novel,,
,,,,,,Literary Criticism,,
,,,,,,Historical Record,,
,,,,,,Thesis,,
,,,,,,,,
,,,,,,Safety - Security & Utility,,
,,,,,,Alarm system,,
,,,,,,Batteries,,
,,,,,,Carbon monoxide detector,,
,,,,,,Circuit breaker,,
,,,,,,Dehumidifier,,
,,,,,,Door lock,,
,,,,,,Electrical panel,,
,,,,,,Fire extinguisher,,
,,,,,,Fireproof safe,,
,,,,,,First aid kit,,
,,,,,,Flashlight,,
,,,,,,Furnace,,
,,,,,,Gas meter,,
,,,,,,Home security system,,
,,,,,,Humidifier,,
,,,,,,Light bulbs,,
,,,,,,Mop and bucket,,
,,,,,,Motion detector,,
,,,,,,Motion sensors,,
,,,,,,Pepper spray,,
,,,,,,Personal alarm,,
,,,,,,Recycling bins,,
,,,,,,Safe,,
,,,,,,Security cameras,,
,,,,,,Security lights,,
,,,,,,Smoke detector,,
,,,,,,Space heater,,
,,,,,,Step stool,,
,,,,,,Surveillance system,,
,,,,,,Trash bags,,
,,,,,,Utility sink,,
,,,,,,Wall-mounted drying rack,,
,,,,,,Water filter,,
,,,,,,Water heater,,
,,,,,,Water softener,,
,,,,,,Whistle,,
,,,,,,Window locks,,
,,,,,,,,
,,,,,,Seasonal Items,,
,,,,,,Beach towel,,
,,,,,,Christmas lights,,
,,,,,,Christmas tree,,
,,,,,,Easter basket,,
,,,,,,Easter decorations,,
,,,,,,Halloween decorations,,
,,,,,,Holiday lights,,
,,,,,,Ice scraper,,
,,,,,,Lawn chair,,
,,,,,,Ornaments,,
,,,,,,Patio heater,,
,,,,,,Picnic basket,,
,,,,,,Seasonal wreath,,
,,,,,,Seasonal wreaths,,
,,,,,,Snow blower,,
,,,,,,Snow shovel,,
,,,,,,Sunscreen,,
,,,,,,Winter boots,,
,,,,,,,,
,,,,,,First Aid,,
,,,,,,Antihistamines,,
,,,,,,Antiseptic cream,,
,,,,,,Antiseptic wipes,,
,,,,,,Band-aids,,
,,,,,,Bandages,,
,,,,,,Burn cream,,
,,,,,,Cold medicine,,
,,,,,,CPR mask,,
,,,,,,Eye wash,,
,,,,,,Gauze,,
,,,,,,Gauze pads,,
,,,,,,Instant cold pack,,
,,,,,,Medical gloves,,
,,,,,,Medical tape,,
,,,,,,Pain relievers,,
,,,,,,Splint,,
,,,,,,Thermometer,,
,,,,,,Tweezers,,
,,,,,,,,
,,,,,,Travel,,
,,,,,,Carry-on bag,,
,,,,,,Compression socks,,
,,,,,,Duffel bag,,
,,,,,,Earplugs,,
,,,,,,Eye mask,,
,,,,,,Luggage scale,,
,,,,,,Luggage tags,,
,,,,,,Packing cubes,,
,,,,,,Passport holder,,
,,,,,,Suitcase,,
,,,,,,Travel adapter,,
,,,,,,Travel blanket,,
,,,,,,Travel journal,,
,,,,,,Travel lock,,
,,,,,,Travel pillow,,
,,,,,,Travel toiletries,,
,,,,,,Travel wallet,,
,,,,,,Travel-size toiletries,,
,,,,,,Travel-sized bottles,,